{
    "roc_auc_folds": [
        0.8823082445697576,
        0.946832112962144,
        0.9253046832768195,
        0.8995097424934887,
        0.8790608875128999
    ],
    "classification_reports": [
        {
            "AD": {
                "precision": 0.0,
                "recall": 0.0,
                "f1-score": 0.0,
                "support": 3
            },
            "CN": {
                "precision": 0.25,
                "recall": 0.2,
                "f1-score": 0.22222222222222224,
                "support": 5
            },
            "EMCI": {
                "precision": 0.42857142857142855,
                "recall": 0.6,
                "f1-score": 0.5,
                "support": 5
            },
            "LMCI": {
                "precision": 0.0,
                "recall": 0.0,
                "f1-score": 0.0,
                "support": 3
            },
            "MCI": {
                "precision": 0.5384615384615384,
                "recall": 0.875,
                "f1-score": 0.6666666666666667,
                "support": 8
            },
            "accuracy": 0.4583333333333333,
            "macro avg": {
                "precision": 0.24340659340659343,
                "recall": 0.335,
                "f1-score": 0.2777777777777778,
                "support": 24
            },
            "weighted avg": {
                "precision": 0.32085622710622713,
                "recall": 0.4583333333333333,
                "f1-score": 0.3726851851851852,
                "support": 24
            }
        },
        {
            "AD": {
                "precision": 0.0,
                "recall": 0.0,
                "f1-score": 0.0,
                "support": 3
            },
            "CN": {
                "precision": 1.0,
                "recall": 0.6,
                "f1-score": 0.7499999999999999,
                "support": 5
            },
            "EMCI": {
                "precision": 0.4,
                "recall": 0.3333333333333333,
                "f1-score": 0.3636363636363636,
                "support": 6
            },
            "LMCI": {
                "precision": 1.0,
                "recall": 0.3333333333333333,
                "f1-score": 0.5,
                "support": 3
            },
            "MCI": {
                "precision": 0.4666666666666667,
                "recall": 1.0,
                "f1-score": 0.6363636363636364,
                "support": 7
            },
            "accuracy": 0.5416666666666666,
            "macro avg": {
                "precision": 0.5733333333333334,
                "recall": 0.4533333333333333,
                "f1-score": 0.45,
                "support": 24
            },
            "weighted avg": {
                "precision": 0.5694444444444445,
                "recall": 0.5416666666666666,
                "f1-score": 0.49526515151515155,
                "support": 24
            }
        },
        {
            "AD": {
                "precision": 0.0,
                "recall": 0.0,
                "f1-score": 0.0,
                "support": 3
            },
            "CN": {
                "precision": 0.75,
                "recall": 0.6,
                "f1-score": 0.6666666666666665,
                "support": 5
            },
            "EMCI": {
                "precision": 0.6,
                "recall": 0.5,
                "f1-score": 0.5454545454545454,
                "support": 6
            },
            "LMCI": {
                "precision": 0.0,
                "recall": 0.0,
                "f1-score": 0.0,
                "support": 3
            },
            "MCI": {
                "precision": 0.4666666666666667,
                "recall": 1.0,
                "f1-score": 0.6363636363636364,
                "support": 7
            },
            "accuracy": 0.5416666666666666,
            "macro avg": {
                "precision": 0.3633333333333334,
                "recall": 0.42000000000000004,
                "f1-score": 0.36969696969696964,
                "support": 24
            },
            "weighted avg": {
                "precision": 0.44236111111111115,
                "recall": 0.5416666666666666,
                "f1-score": 0.4608585858585858,
                "support": 24
            }
        },
        {
            "AD": {
                "precision": 0.0,
                "recall": 0.0,
                "f1-score": 0.0,
                "support": 3
            },
            "CN": {
                "precision": 1.0,
                "recall": 0.4,
                "f1-score": 0.5714285714285715,
                "support": 5
            },
            "EMCI": {
                "precision": 0.5,
                "recall": 0.8,
                "f1-score": 0.6153846153846154,
                "support": 5
            },
            "LMCI": {
                "precision": 0.0,
                "recall": 0.0,
                "f1-score": 0.0,
                "support": 4
            },
            "MCI": {
                "precision": 0.5,
                "recall": 1.0,
                "f1-score": 0.6666666666666666,
                "support": 7
            },
            "accuracy": 0.5416666666666666,
            "macro avg": {
                "precision": 0.4,
                "recall": 0.44000000000000006,
                "f1-score": 0.3706959706959707,
                "support": 24
            },
            "weighted avg": {
                "precision": 0.4583333333333333,
                "recall": 0.5416666666666666,
                "f1-score": 0.4416971916971917,
                "support": 24
            }
        },
        {
            "AD": {
                "precision": 0.0,
                "recall": 0.0,
                "f1-score": 0.0,
                "support": 4
            },
            "CN": {
                "precision": 0.6666666666666666,
                "recall": 0.4,
                "f1-score": 0.5,
                "support": 5
            },
            "EMCI": {
                "precision": 0.375,
                "recall": 0.6,
                "f1-score": 0.4615384615384615,
                "support": 5
            },
            "LMCI": {
                "precision": 0.0,
                "recall": 0.0,
                "f1-score": 0.0,
                "support": 3
            },
            "MCI": {
                "precision": 0.5384615384615384,
                "recall": 1.0,
                "f1-score": 0.7000000000000001,
                "support": 7
            },
            "accuracy": 0.5,
            "macro avg": {
                "precision": 0.31602564102564096,
                "recall": 0.4,
                "f1-score": 0.3323076923076923,
                "support": 24
            },
            "weighted avg": {
                "precision": 0.37406517094017094,
                "recall": 0.5,
                "f1-score": 0.40448717948717955,
                "support": 24
            }
        }
    ]
}